voiceID,meanF0Hz,stdevF0Hz,HNR,localJitter,ppq5Jitter,localShimmer,apq11Shimmer
m1i,133.14213331671075,1.0147108290510345,19.49456168123683,0.0015376401436075385,0.0009128445445177043,0.022705880297497646,0.018008672661680748
m1a,134.51945633178815,0.3686799373549521,25.503280403537417,0.001530981942385716,0.0009674059706965635,0.011918389097608372,0.010015854374932727
f2042a,234.31667314058066,1.6734174119679883,22.97425803903984,0.0026987779630357218,0.0016254065018165712,0.024302015357773217,0.01986166426416944
f2264a,222.93432672829783,0.9929044832953526,22.492928666511027,0.0039710169108778705,0.0023887433061016623,0.021920639670179883,0.01966028265868631
f2279i,223.58733055923597,1.9086324761011444,28.064896478155017,0.0048410411464929045,0.0027464590275432994,0.024701717321388837,0.016832779395291125
f1371i,209.9186065454741,1.3029750731155327,25.383595663865574,0.002610427362508604,0.0015795790968112968,0.014620172824327118,0.013347301660437502
f685a,191.79614889388887,1.0588445350226297,24.015926174872433,0.002235869514643377,0.0013592851403300267,0.03909289220809227,0.027873494012944207
f1361i,234.3538349700975,1.7690412796287882,26.060393688301016,0.0015985971714026135,0.0009716413495739579,0.012454579003777133,0.0159321412754005
f1210i,211.07689197395752,1.3593579352281633,26.85386879579083,0.0024036911220135506,0.0015332684406939247,0.016787514193131483,0.018613457306901497
f1123a,186.6883050357188,1.220483772262053,23.778895999289567,0.0024813390000121946,0.0014903095224157506,0.02415825743360132,0.02603943117411056
f1139a,188.39845669910775,1.0993706201309073,25.727350695895293,0.0024758658760006547,0.0014631294949336445,0.020763297327551198,0.01503583244915667
f1208i,193.83468153479998,0.7850522792407552,23.36918697306601,0.009096633557276234,0.0041331383436588485,0.02164234630878554,0.023028783463244832
f1212i,184.55069547371937,0.8616600431264856,26.518505298685373,0.004916542169165135,0.0023984401714670744,0.022091339685019865,0.02106443790187361
f1920a,160.39692707629823,1.6620832624396042,23.2210854356003,0.0038780129105549475,0.002264939505491737,0.023045906337722983,0.02563686295184234
f125i,218.04212019069195,0.7100975542008129,26.462404008405187,0.0027044217605509107,0.0016653433908772465,0.015391485105680457,0.015561737862739558
f1363i,201.664330981159,1.4641042012765102,29.6642554107186,0.0032314470387047167,0.0017965194807091724,0.01504362591636327,0.01539311900272534
f1875i,215.34577634645194,1.4907838918005736,27.128900852682843,0.0015124773877912814,0.000812277797125046,0.011387795110914112,0.015210643069591455
f1712a,208.56484767060013,1.694539104881902,24.419323738983636,0.002494070955291281,0.0015314622788606598,0.029078345020627012,0.02286810609776714
f1505i,223.68898971974758,1.64389608169806,26.552127003603115,0.002440835216791422,0.001461614224319659,0.011581633510956917,0.012505288626910648
f46a,159.25836987515333,0.7165434205822115,23.01955231508267,0.004490198717525682,0.0025723034800066726,0.040451345680383416,0.026470936662765343
f1880a,143.28306176217447,2.419884530973855,22.37362490056417,0.006127254657376027,0.0033233394682124166,0.031072916718995217,0.023132182387611777
f2284i,237.01462299985562,10.376278542801847,27.856027822162112,0.0022408670728566345,0.0010590133913765628,0.009938351353590735,0.009917840482598883
f1180i,200.20155063607945,1.9748598175722212,25.282525501905173,0.005426902744847985,0.0030510360865162924,0.04285426377411193,0.032822698485031825
f1542i,251.59945431913187,1.4660397881149405,29.574489746277838,0.0017946216859025814,0.001139115189811024,0.008346197925781874,0.007778638766293048
f25i,170.9487966965062,2.134929678810764,25.527759431896676,0.0048515167694370386,0.0027760066422744317,0.033353945613071236,0.026545252881915796
f1097i,212.53521554093751,1.5222035351025875,28.589199129668362,0.0019559302850289295,0.0011507240580536718,0.012419767176869781,0.01449029604982751
f1372a,197.99472306906563,3.5675646661849774,24.460877947639396,0.006019505393942755,0.0030124943961695075,0.03119497546462908,0.02348634184195967
f23i,220.89388560464008,0.7239481992492237,24.117882184300143,0.002114774764480723,0.0013271264078528158,0.02349820512077087,0.02219250511355733
f1359a,206.90818047574325,1.2211010565928357,27.055519938296943,0.0028568249736054376,0.0016819921884248124,0.01785942872615387,0.014476065211370452
f1583i,215.53268967699705,1.225400227596901,25.15143429771314,0.0018895246371382023,0.0011388318250160404,0.0370950433514968,0.051010299679930565
f2164i,240.3274865936091,4.006900498013228,27.26420922411398,0.002190607361929827,0.001264878640037396,0.016098432212086445,0.019300959127066957
f1177a,94.01760128335836,0.9474607896971707,20.145428561317786,0.004660716252371667,0.0027896826377047114,0.029876766662761307,0.031275787334761794
f1121a,220.8928006859096,1.0991141927609955,27.84370895573307,0.002123395280054042,0.0013595164306068554,0.014670165816547079,0.012203066020021745
f1873a,190.63256572759227,1.4574770139136937,22.514045734898843,0.007056689224926679,0.0034159198299409527,0.032595299739610485,0.023766367282077146
f1840a,199.38811893791177,1.9033879405103566,24.9017931704126,0.003074301301080323,0.001827275193037633,0.02284290139150593,0.026375830506732444
f1060a,196.09666129917244,1.9597723341051794,21.563990741723764,0.0060588484056610424,0.0031699338508191085,0.04591907550490956,0.031496002474503446
f1107i,226.29410692114112,2.1897784009609365,22.866572103172757,0.017600379046686897,0.008337171904799781,0.02889596221008835,0.017029143569485334
f1137a,221.27870686477098,2.097333575415944,23.036015243714584,0.0042138711797786695,0.002536551097851201,0.03133056336760189,0.024286710586920786
f2286i,218.48202561324914,3.0382263698301157,27.38580586556331,0.002154014157096602,0.0011552451546933626,0.02109996297089974,0.028486038991408995
f1875a,159.82467681175834,2.7649357498557836,20.40170723022823,0.005714313542298668,0.0035812128028936663,0.041806771208392504,0.028235682800088334
f2038a,188.16362979357723,3.6083609728503743,22.49654696402626,0.004432899841188141,0.002680077750843186,0.024159456700201434,0.022414439534842324
f684a,197.86011588403127,1.8152945145493449,24.58340353769984,0.003071214167793007,0.002009258729884867,0.0204699820069906,0.017939253907552973
f1623i,167.94301300676997,1.0999796032690452,21.357778245597732,0.0057488124591765005,0.003307717115719417,0.029034404446602997,0.02916796420274727
f1848i,185.76521336883218,1.050983126984992,24.679440024036214,0.009504536197637421,0.004120871775586376,0.08681136552674108,0.06569504711595202
f55i,228.58052447226453,0.9886594670941149,24.61191560203335,0.0016206449310620864,0.0010123583503385417,0.019195630478785246,0.025386449914544237
f1353a,188.06071382323026,0.9767104312411347,23.914227654211185,0.0035366273726642116,0.002246296406706035,0.020653114075711,0.01577415883660641
f1148a,225.8155793222215,1.3775971242208198,25.73187279869452,0.0028272062215999026,0.0015868002187447456,0.021433284706027792,0.01765755484307939
f2174i,206.11005822563834,1.9726108805905,30.963823547655537,0.0028986095054561196,0.0016855661077409497,0.01118736909515707,0.0122572708743243
f2250i,203.62979659860957,1.4109348863374236,27.834235707189023,0.001980569565194882,0.001084350259135764,0.018197102680287194,0.02344748811152746
f2281i,237.7775410145826,2.131036774912872,22.21275793747046,0.0053035265936894295,0.0030768518612727595,0.01679308287513908,0.015301694416615875
f711i,191.63003429211807,1.0702820940677504,29.71290540368846,0.0015711037395904877,0.0009678733169459792,0.014351854781274348,0.017370520721538666
f39a,177.64554588451358,1.325055438682594,27.661490753321637,0.002150611057461851,0.0012708429023092845,0.026032663248508787,0.020104200149321717
f1374i,234.77257805057556,1.5770861538628442,33.68979865966464,0.001207193756799693,0.0006826894290050818,0.009480727069055788,0.010774433176069043
f2046a,219.0682941977522,1.6619854780781267,24.40480429101991,0.003191377111136754,0.0019148463752910354,0.021995951964168807,0.020456857323373805
f696a,176.74676861425104,1.002239639488618,23.872941371593303,0.0028257412045127215,0.0017729286869371137,0.02288867108076917,0.0218792841507281
f734a,174.3017261612913,0.7354996758751572,24.82462757334844,0.00386143956438292,0.0024433074482810026,0.01784722761552091,0.011632488118515517
f747a,231.29883847795273,1.463152462784765,24.74561691063716,0.0030944844267842752,0.001779783830149392,0.014981472666412716,0.012297835181998134
f1359i,207.27336237421656,0.9142949281712494,28.352947982825732,0.0019681545684917764,0.001192182093884283,0.01435017856150493,0.014606718060442416
f1518a,235.7388852473939,1.453517068104768,29.3141358123725,0.002649775297983,0.0014586506571491716,0.016599319037855692,0.011706739641036511
f1215a,99.15788950268588,0.7918880106311278,15.283593201445912,0.0048111411649381835,0.002866434571296689,0.0382637068266227,0.03405431375480159
f1362i,207.5136849243083,1.110411936331221,26.36621385331603,0.003748176400352341,0.002099413460807873,0.017318320782814003,0.021285048312107615
f1346i,223.46587670423077,2.112335399165375,32.257826939435176,0.0014792353020119321,0.0009205185601648129,0.01572414393924278,0.021416495491359572
f678i,216.89952357772427,1.321224739885915,23.57726716131543,0.003802942900489781,0.0023243276013024355,0.016860470139643945,0.018864611809389517
f1852a,206.06746854486792,2.5784585789489,29.553093136482733,0.001960321518813141,0.0009155902219160118,0.012893563705422627,0.013164329068764235
f1130a,206.11306525011682,1.8233899760949952,22.002018537138394,0.004494275651985198,0.0027702854873263905,0.031246829286548972,0.03340894525103931
f1947a,203.42028126289068,1.7470347380699343,27.921563668011366,0.001980241155639661,0.0011516651071712331,0.01587084055150576,0.012625320059647616
f1367i,196.67916185899787,1.2420295270463595,28.50562024811009,0.0031531213317211953,0.0016352838885613187,0.02178440755985969,0.02129279677578313
f2210i,225.15954336257346,1.868198098142048,32.19805926230113,0.001613374402925387,0.000918878134583625,0.0064575527823988906,0.005336126256672548
f687i,222.4837676443098,1.141157225938876,28.464236319828224,0.002772754268643465,0.0016794458811534242,0.018579197314829717,0.017598782823355173
f135i,173.23237629045738,1.2406438639486699,26.27279466593214,0.0024089295666817234,0.0014376576262338122,0.015368814728366969,0.01485122404667018
f2283a,112.75452289169469,2.284876628211735,17.527182362638136,0.006417263851686789,0.0036956534388012286,0.034671782696359926,0.04206179127552792
f1068i,222.58608045675302,1.7733198391931084,28.475965301192367,0.005716396822114891,0.003193324013304308,0.0202368618057557,0.01690008669915552
f1375i,208.6785053333957,1.0515368151413318,34.99549974415566,0.0012653412221702535,0.0007477875992800757,0.010235237786441656,0.01313410824808403
f1347a,204.37082626712137,1.2041810975693954,28.241229130209774,0.002011192332269272,0.0012953603947759562,0.012514147960048084,0.009792932609050838
f1515a,211.3214927596849,1.5756383827205747,24.853089257584966,0.0022876219576834804,0.0013720351119008822,0.015278546368481586,0.01193861548482125
f1367a,196.1041224190222,1.5778333687508435,21.721426333009546,0.004870602858507887,0.002669525980475463,0.030526353997168472,0.02241121233509538
f1148i,226.25102165248245,1.6176568476046567,27.481400170163823,0.0018818303762010592,0.0011257026358685357,0.014027748927539378,0.01750544511001665
f2248a,154.68238561537152,42.00867838594058,23.127760890111077,0.0036640361233567513,0.002079598201319755,0.03447096902265784,0.025726223430011165
f2169i,180.31678202453392,1.466423873561037,25.17742325278105,0.003739912763877089,0.0022088634340300785,0.02151411648745691,0.019876530269901105
f1708i,241.24913183621229,0.931313177012148,31.191659003721895,0.0024067366667552066,0.0012694818681114098,0.005948760583157418,0.00768990748480775
f1533i,245.58428409237698,2.8829831311163163,21.46787462127676,0.005867841527794405,0.00357249154159772,0.05170631965798096,0.031203658410566704
f2047i,235.39792874097375,2.7311392111285766,22.2896734642196,0.004469730562037133,0.0027182855399904195,0.022386080609369474,0.019481646534849347
f2203i,210.40670398778767,1.9209200374181676,31.309747628729973,0.0017109287918812646,0.000964641378474452,0.009395335938889672,0.009699225204764407
f1540a,204.34116697601186,1.9457661054122635,22.302915454395592,0.0037132243227222905,0.002234905214675738,0.029047874124098944,0.02846276619558656
f1168a,210.56053256113088,1.7415620515543564,18.11134207255145,0.004157337533330491,0.002523542365577487,0.06687998138701018,0.08725975358637239
f1129i,206.01119305404399,1.7481267412212216,25.83912618235546,0.0035894378456688756,0.0022612952686564903,0.01667780526250924,0.01581094296812448
f54a,213.99130245572786,1.3033191856935329,25.805119881697628,0.003687821596910757,0.0020699600871048962,0.01320274043454594,0.011059730428416374
f1924a,205.82555257837635,8.573198508556894,26.640687660829023,0.002064069562695898,0.001097728317817634,0.015635079652515826,0.014738031708416253
f18a,226.32943651726475,1.3033576393175799,24.00967735530259,0.004220292124156141,0.0019542944385125835,0.02834910479640951,0.020905566206038593
f1106i,231.87658301072383,2.4241007565252395,24.78947559774513,0.0020830018836652366,0.001293307807769085,0.007848022885279216,0.007951174118650938
f2201i,249.88203482899613,20.156861044569492,36.13989390769347,0.002228809009845023,0.0009284558847417665,0.008086339708209716,0.008358199582244537
f1874i,179.16175827555722,1.4239319223346392,19.026856331059932,0.006942826442492358,0.004393437558450714,0.045898056726179325,0.051198893522926336
f1739a,208.33403701539467,1.4272281472395263,20.7348192226836,0.006123238272538569,0.003510247733072636,0.044613281881797646,0.03396002268260023
f2041i,194.07946618381203,1.9103584156429183,28.31065245651765,0.001829297405264448,0.0010117810278906987,0.013992809213326117,0.013868326894876153
f1099i,204.72878489876922,2.935766201425356,23.90694262215449,0.0045425943379935815,0.002642107201531582,0.019791036043701474,0.017672997636277162
f1583a,202.9706853011375,2.8215151643975696,20.030548353024006,0.004395369588754601,0.0026493912259723533,0.04529926034375698,0.06435342549433991
f1915a,202.63739196311013,4.0732501153650595,28.271951666299785,0.0021784450083252005,0.0011922791713256306,0.020261911733197333,0.014620641299866967
f1579a,145.8639544238745,0.8896966781564339,23.107835896770048,0.0034802756991765948,0.00213947415062815,0.0308004602756136,0.025427032776764905
f677i,246.62618921570467,2.6634057110516167,28.03349428891839,0.00196371760825475,0.0011350495610507867,0.012896610913087385,0.016829250628284474
f1731a,182.28539730071222,0.8081218275231937,19.66259127377074,0.0032656834408466124,0.0020908296457272323,0.029009258058711268,0.022843856195481807
f990a,195.33844214877547,6.4751854121304655,25.544848830176907,0.0041794821151864975,0.0021442788539138375,0.01922579837820208,0.013716191018668363
f1375a,207.8330846976063,1.3293566197120035,29.652286297736726,0.0023136254282780174,0.0014202290548451697,0.01685250733997194,0.015688807188897938
f1374a,229.96079038098927,2.141933386872108,26.457250163686698,0.002653986623191343,0.0016193347240582108,0.01518032618803283,0.012165324508648389
f702i,202.53401089286268,0.8215242089183404,27.54665798422572,0.004252288132430467,0.002152567965222811,0.01751423605059762,0.019975417937668404
f2254a,178.1532117059109,1.4937600584185555,20.16813525612442,0.005190706338755787,0.0033949665073443147,0.05478385908686408,0.042023805077706713
f49a,230.22757724483515,1.0335071346235662,27.912345008338256,0.0016175622713142089,0.0010309684164657752,0.015888619051292935,0.013092514859899712
f1172i,218.91393106621678,1.3868530388392424,23.529836296858846,0.004801599247960573,0.002866196058124545,0.025772211074342175,0.027517499641825843
f1727i,232.9997179033854,2.3424358360051527,30.57282658878301,0.0015441686113865948,0.0009458262740450861,0.011619469387547833,0.012412856822716865
f2248i,194.69915695420283,1.1555856166271485,22.900457875655686,0.004128211593882731,0.0024309699364403145,0.03103061856438012,0.03997414283788761
f52i,191.45323177541206,1.5265645525071643,30.954674838110996,0.0018429192235108938,0.0009433749299185836,0.010062734024278961,0.0132819209217173
f1133a,209.5212223805632,1.9235409168377844,30.972504176350448,0.0017028838228777734,0.0009126105727801752,0.009930067563057064,0.00845351351617818
f1858a,254.21359612569802,2.7027702291311093,26.291488989999603,0.0023868942405995304,0.0014533538763159047,0.01992327289083859,0.014484426073456761
f1504a,216.580241701485,1.2668905831812336,24.992300040800277,0.0031202018030256923,0.0018567134009156415,0.019968353885086818,0.015440370563248436
f1068a,217.77887236186078,1.9517176691774845,24.800299851178174,0.003856611727977015,0.0023815674581261917,0.021190342344044658,0.01804586097220442
f944a,251.63124687060096,2.776573426414184,31.586983449083455,0.002485350791362376,0.0015167310564140242,0.011219575222071544,0.008957096201154213
f145i,200.94199902238609,2.0244955035292893,25.124247542869522,0.0027845367211836378,0.001617371797161747,0.010863346434206125,0.011765768319001628
f1536a,189.39351703977522,1.504090186639632,28.76918294662986,0.0020297292033960943,0.0012464514975755816,0.012464433594869538,0.009570226200640856
f1843i,237.12067996738938,1.256803156361172,27.74954551262608,0.0019190112111162722,0.0011480199982297286,0.00792273530494314,0.0070650944326238535
f1059i,218.71610299880948,1.9969289475620955,27.976388269023957,0.0018090086045834221,0.0010307377444380393,0.013977613750175514,0.013097355481140152
f20i,213.82747283337932,1.0933094774847532,28.006180670734377,0.0016754646850106346,0.0010409773360755136,0.01855188953980705,0.023836101402429834
f1145i,189.48372384053204,2.911812400472903,26.979818827116347,0.0032189994797153583,0.0016743344503841256,0.02318238820396602,0.025289995798431355
f1856a,169.5914546176812,1.6566890593421193,24.010222138371223,0.00784293621800523,0.004606526735694495,0.020589578715910398,0.014622600436970876
f38i,172.85512308829405,0.8172485781193352,25.198716626348492,0.0026325053423181346,0.0016249301529701345,0.024749258933253627,0.03214789515000526
f1612i,180.0287973128299,1.027002558551688,27.404059399041426,0.0029409731701146207,0.0016505638021831214,0.0129947649424977,0.012937853975684017
f2054i,205.84329362814344,1.127207533816482,22.951920912852323,0.002627299817664489,0.0016529911632066653,0.0171281955839891,0.01880038044514574
f2255a,208.29090414173086,2.57691702364963,22.612521423828593,0.017069644887829714,0.008581246927792904,0.042381578908396104,0.028779282114912704
f97a,212.92825880106,1.3678228556632226,26.961478281447164,0.003376640826258363,0.001973195506562874,0.01536939749061436,0.009843458888411347
f1711i,160.43282747039743,1.4264970094467073,22.646492056485847,0.003899295464282302,0.0025706121314258736,0.01767036288407739,0.01987660874242237
f2280i,244.60158551011045,1.046290920665599,27.16896759394019,0.0024911982762039066,0.0014761449209611446,0.010186737259977152,0.00833908954102712
f1351i,239.85520967922824,1.518222340477319,29.003201243415813,0.002044302949062996,0.0013224500212720214,0.01404019381484749,0.014693000427897495
f684i,217.1679169056437,5.521541797677802,28.09671292200911,0.001907220333437661,0.0010953906717217714,0.012030275402991116,0.01401142444291537
f34a,195.97078178246335,1.3069225930014197,25.03212459237297,0.0038439109998213723,0.002278810106551966,0.02424066065272188,0.017274626885322053
f1504i,218.27666787219056,1.2796336617808215,23.419130619127575,0.004300506542969162,0.0026088715576176222,0.014805014079330847,0.01900588413145895
f1132a,205.58511812459284,32.184912363184566,27.25988485412861,0.003428085542038187,0.0018782491938357795,0.0185929261273702,0.017363461609646972
f1544a,196.7642500581675,4.007322750415966,25.541917235482423,0.004792514933687017,0.0026174682811257416,0.01714288797156833,0.011746753007746837
f1144i,187.9885348546516,1.948491340856242,19.639964325747208,0.008390100732991968,0.004993707592856238,0.03653508573600977,0.033468190934646876
f1740i,205.94450518014628,1.12195564253772,26.616903648809103,0.002039524447109718,0.0012451687229128952,0.01666750825282971,0.023068791417711964
f734i,205.02499140921705,2.270711330032156,23.402700162689413,0.002729502019143701,0.0016365964170222303,0.016030646473475352,0.013603280371773756
f2049a,154.62490643423243,43.11861456067622,21.07024564656235,0.006101276480416783,0.0035696977175822967,0.029662202850572885,0.022214719054091496
f1534i,164.18652752621074,1.2423248309638195,26.63679054255138,0.004669505968007483,0.0022637731484169837,0.024157542545785716,0.030001094289084797
f1729i,217.88560693786144,1.204654206564039,24.234385204621926,0.0014202010754651652,0.0007951757597447855,0.01311885101277485,0.018174666039625018
f62i,209.60648634664406,1.2408229798727441,23.828136648070807,0.001978747063684788,0.0011500627326467808,0.017408131293926345,0.02135963784021787
f26i,226.46474595220562,1.5701663275804927,23.123999272871767,0.003094830405790853,0.001962748566130794,0.02186772548179673,0.02673508062794211
f121i,220.99550458706935,1.8926010419125836,24.18471012779328,0.004153728685268487,0.002652457576535168,0.02783572762153756,0.023259809417658008
f2252i,192.35258754771004,2.113978617675356,30.122259279217726,0.0022032943804001716,0.0012145152915943114,0.016903584611201613,0.01853950037899448
f1726i,192.73695479527987,2.383747280243509,25.422089706892265,0.0033415604864827104,0.0020334169972263537,0.018070548886869302,0.02108556033380469
f1838i,209.22980032656005,1.0888895089015644,24.41072227403364,0.0031753856186500667,0.0018121211113233434,0.016765598564541385,0.022045701372670843
f1364i,211.39849549601664,2.4162608058060604,23.247376732679893,0.005638810014800747,0.003597065126913104,0.031033893902454666,0.028948512907631386
f1516i,193.5168639986473,1.665576932093041,21.388498652439505,0.002081590304628272,0.0010971967209131414,0.01297137242262823,0.010400682247642876
f1708a,238.91329797961203,2.346525910182311,26.972666329798304,0.001982209256183581,0.0011876808985904692,0.023637832042448466,0.01807908097083634
f97i,214.92831085867857,1.3083090305866125,21.717678665401152,0.002499693838448484,0.0014380788499010573,0.014091115460189207,0.011022566097083936
f2264i,226.43411570307768,1.3646459834149194,25.15168470813974,0.002881534138086825,0.0017050288633265684,0.017511864827722545,0.018094896680749963
f1107a,220.02438834863062,1.4779435883859933,22.006556570678782,0.007715250025188159,0.004295463343646063,0.023955704462453983,0.01612077442252981
f1346a,213.43107850578323,21.280325172879486,25.0972169895427,0.006975169798945362,0.0030474489656048716,0.02471933030012163,0.02389083722681894
f1122i,223.81525690128154,1.2282059163297518,29.647678042389472,0.002708735773271887,0.0016547722904417675,0.020072603177976572,0.019576657209234412
f1515i,211.69978471437145,0.7183291070068027,27.032382727919607,0.0028837435240244916,0.0017265234479814098,0.01571375795351282,0.014995064563983659
f962a,175.08536111719815,0.9264460537375871,27.807851199740515,0.003037715354564509,0.001671004855483503,0.01901424549771361,0.014535048163022795
f1916a,214.51591656202788,1.4284705619520803,24.880100469890493,0.003857738807996818,0.0022833413445062928,0.01993451955383777,0.017400603774314564
f3a,223.07579339105789,1.171717037196214,22.495230569982247,0.0038117008544809646,0.0022579750974592184,0.03796284906864546,0.027386726114638382
f2283i,114.3078612691398,1.8299706296195992,21.909290442590642,0.007481402317535859,0.004072975651083308,0.061256098822504865,0.05352766941143029
f1733a,233.75460992135626,2.2312372700357486,28.338675396202618,0.0026490605797064837,0.0015237186102013847,0.01597187452988398,0.011427207086330564
f14i,225.8823984163409,3.301892343539681,24.072475598262695,0.0036371791710757295,0.002140077899160748,0.01276175268488277,0.011681839323612494
f26a,219.38820625066444,2.495520840974274,24.165930049611823,0.002937337757089023,0.0016441916273963162,0.02509523262147373,0.019698292129111457
f1096i,187.96267022804523,2.8903907045661428,18.802185715665505,0.01012427624845789,0.00594520627612951,0.024017262073524635,0.021823283250122116
f2250a,198.02224122102865,1.5091476026757658,23.02758415198833,0.004739364942519974,0.0033933077886048827,0.023082480634335937,0.018486864413364598
f145a,198.36979668251507,1.7103718002847559,23.69435913518979,0.002366223954919549,0.0013275480828056655,0.024231157220191146,0.020458917399889143
f2200a,194.25079128766896,4.3375898196695895,26.67416741149438,0.0020511436319270763,0.0012265445692141489,0.015879108415536622,0.012392153552777093
f1711a,153.61266100714585,1.5955577071834668,18.47044157583473,0.0057679752885611505,0.0033978679339777213,0.029606740582465603,0.021819841279422738
f115i,197.6141084492601,1.4090921940045997,26.854330976106052,0.0028013355164868223,0.001732471013339101,0.016182483056566936,0.015473472355359712
f1584i,238.80029814026094,2.566377846743317,26.256610514392733,0.002448808871675637,0.0013837957378650442,0.012729118299876269,0.015692686677878
f745i,211.3568290431591,0.9723750202320225,24.470443428614228,0.003338649939118813,0.0020569867599839657,0.026665619687300513,0.02652570640388706
f2041a,184.12288442237457,1.6960446943620864,23.313042015605955,0.0030896976844397394,0.0018510671098435091,0.01798253103816816,0.014278267291105625
f35i,189.247646216897,3.0630491582356947,26.114491082290165,0.0029835137155498023,0.0015688995332896836,0.022599134915767,0.029987112763249058
f1739i,220.05033718439915,1.3800183060100133,23.953208257965557,0.005787148758899302,0.0035144707433291634,0.04383708308736954,0.03482381699596701
f1210a,206.98038963978553,1.3573757517941198,26.09521356245932,0.0026015085297997663,0.001710214947599048,0.0215669021264406,0.020620439470299862
f1349a,224.14374384394088,2.7156217723212013,20.3402538864894,0.004533288130778124,0.002590860999342184,0.035905029228288865,0.025351455506384093
f1355a,189.60284384910145,24.709761609092755,24.238528066849803,0.004768739745819723,0.002579213244921826,0.023411170202782314,0.017014482752724585
f114a,201.80357611243284,1.007666346331125,25.826747091920105,0.0027645270802316,0.0017030144382998967,0.026192571685628982,0.020107588406646854
f2053a,235.09674593070926,20.881279815379553,26.414314272045715,0.0025668056147884442,0.001315428396523545,0.020573391470109746,0.016446151462613107
f2196a,230.91861226103396,1.9988953184073859,26.69773896424578,0.002739986119525302,0.0016545968129001063,0.016169426055961146,0.012084252083097735
f1370i,92.67101694267639,0.8278289103820156,26.867196476714074,0.0038218820249422782,0.002807375886565119,0.0214199941912767,0.020236472712271726
f2201a,230.60183132589924,25.138677886567923,29.40770383743186,0.0023582342823981702,0.0008348194930407202,0.012513420975587441,0.011325608726290267
f1509a,205.60204297581006,0.9116188993619435,25.35828213493055,0.0042662965926843315,0.002714812042659189,0.021234423690503813,0.016038633416320305
f702a,201.06769177127433,1.1056329374171054,25.02711808040324,0.0026541758570534824,0.0015573140501811645,0.019578691983291065,0.017482210285745887
f2252a,188.78099691569284,2.8450440791976743,26.287463422081206,0.0028066214021816695,0.0015222762003344803,0.020507071544285674,0.015884550314266537
f1510i,185.9672899906769,1.042263101443581,20.7052719272285,0.0048398635853433725,0.0028830644842419216,0.02242429154941911,0.024454905119384637
f1740a,203.19280704516146,1.74196957715534,23.592628273882667,0.0027728636142311794,0.001638272041294229,0.04094536646583054,0.0323522223964926
f1707a,207.05237656294406,1.2668607022945786,26.592231743374587,0.0031758336705500754,0.001949060369842848,0.02193336793077844,0.01595292386978527
f2284a,212.04249445012104,4.689383848712133,25.720874669260446,0.0024472011985564195,0.0015228721932520714,0.032178134739768,0.022564783916684317
f1121i,224.7142089034112,1.3952637255296063,25.366201682323602,0.002114086547517207,0.0013314056130812198,0.016573382053076728,0.020826133835158172
f1850i,250.61129379744358,1.574160177630526,26.32551646133372,0.002289933600715225,0.0014493701573281225,0.02858735345188742,0.0384975336036429
f1737i,207.7171670022215,1.301727557341655,21.66334140111066,0.010043987033585932,0.005287191561447924,0.08662158768453247,0.04998112716490502
f114i,203.70006376146367,1.8758925992618045,21.4119734743667,0.00437346062982498,0.0028060965644843222,0.019694334557040092,0.024175765024286405
f1110a,208.22140951148722,0.9848123160806862,24.54988701733515,0.0029363713122383425,0.001716737487258579,0.026581294790510027,0.02010967892262135
f27a,225.52360747836357,2.2724635580170527,21.54199242881981,0.0026761231925393047,0.0016725105755150181,0.02952033137159494,0.021841045227521616
f1133i,235.64389031347275,1.767144229120685,24.599295310779517,0.0015139515070411594,0.0008563811917839094,0.01073535770064034,0.011264186359150505
f1098i,201.60560316336696,2.008309376105702,23.805302762083283,0.003789698250748057,0.002105164161118019,0.0129024615673245,0.014090546104718346
f50i,225.0082174619272,1.8278031436416537,26.618631464925446,0.002268924527037125,0.0014547034673099038,0.014813887600047692,0.017307208965007825
f2047a,218.34509953903967,1.692069380025601,24.706415742498532,0.004232038769494854,0.0022865757463842056,0.016816698221097992,0.014992179004316335
f736i,98.86850653241487,0.7191224350078098,28.577441052458557,0.0020678407327299627,0.0012646732930505725,0.011023505373209092,0.009387557031594398
f738i,219.96765836622507,2.2685885302988287,25.145108118456736,0.0029331665060502304,0.0015693033469520595,0.028275562365465426,0.03562148400975508
f1696i,228.08158077083164,2.3773343798819218,27.791437144549676,0.0017953195396750816,0.0010701667124184279,0.009928238576370582,0.01233155076534367
f1733i,234.6321617262223,1.3834355443166446,33.936811795723465,0.0010993178746472017,0.0006456481760601728,0.010324343478343932,0.011758254334290055
f699i,263.2686393956063,1.9523351101812223,26.70439210633063,0.005476039183799561,0.0029067632726105623,0.02128251459865151,0.0180354651170698
f1350i,184.61894657318624,1.0533758476742032,25.349172908512642,0.0036254203144351765,0.002233188634404533,0.025918398396069135,0.023980448910837927
f1508a,226.6595481018461,1.661766500108229,23.648744716098314,0.003090235764819564,0.0016905131426911578,0.023914975032500348,0.01955727177664812
f682i,204.91385544367205,1.5630174820057487,26.26537577268468,0.0017275271364241734,0.0009766106862725329,0.012665975690661725,0.017470486210080058
f1373i,227.4311180640431,0.9213138088307039,33.45999931437386,0.0012879897742967175,0.0007666835886295428,0.00700172783311081,0.008559844532507296
f737i,241.4316779991403,1.965918386434678,22.800556539552673,0.00789181520873668,0.004612870797482072,0.018073887597923353,0.0180547887166082
f683a,205.21807498159762,1.4169906909627132,23.008791297826203,0.003582523312775088,0.0020883371156301136,0.025780913241781885,0.022992963054428557
f1368a,220.4610099953119,1.4474627106885674,22.97707366053381,0.004209755455535502,0.002413612721790802,0.03037995261931234,0.021768385223262007
f1097a,163.2512158215162,38.664791013047314,21.33525640913076,0.004021204476076516,0.0021547584561293085,0.022194522423849783,0.028867245595400548
f682a,191.79026434971047,2.3477827415318067,27.13359613448467,0.003031269012449976,0.0017150561437955516,0.015801809864767775,0.015103350236705079
f1846i,182.55908811378075,1.2291103594477994,27.229204793692208,0.002357605146569006,0.0014524436989737967,0.01811256336866749,0.021499092207400386
f745a,207.67481114341948,1.3783626880349924,21.772972158608614,0.004437453994843753,0.002858486948494386,0.02379819148613719,0.019069165276731918
f20a,213.20640083121125,1.9197120321861358,27.468875509899902,0.0023166626521445586,0.0012920127264722347,0.017717080499843815,0.02073241787964563
f2280a,239.4865801637252,2.1669191853382195,24.859469862566666,0.002666125533627853,0.0016248361869857753,0.019943378835034734,0.014746489120912143
f2199i,224.73183382379318,2.5866965478240806,30.43071086548638,0.0016775083824008207,0.0009642051889163837,0.011162197736670433,0.01096045192198145
f686i,230.8591442458004,1.4209431586808359,25.398180465243744,0.0018392322766092421,0.001108855912039549,0.01220363933733329,0.011118882199743114
f1506i,200.91195816081975,2.0176126891181814,23.222849946021345,0.0025334348614516806,0.0014645407468827575,0.021061461587522493,0.026930738047176356
f13a,229.78853253626613,2.233174269615761,24.81133137983007,0.002823485534683171,0.0016419104785665162,0.026720614687253192,0.020047809256454985
f709a,209.74306705459398,2.7606237285900277,26.325089938385382,0.004861013635367519,0.0026788148955995596,0.01922683714874155,0.01571747065348731
f2200i,201.9960102506248,1.8780461762421419,28.68695561276352,0.0015242427968045365,0.0008296712019814273,0.01687698967222402,0.019323029502989482
f1066i,194.17834999907856,3.2509597866218027,20.514803228155664,0.010389543895767399,0.005903394001932844,0.046895259183129714,0.04043177614492789
f1712i,212.57290527830975,1.3421168879677463,25.758187730818804,0.0029331637741469223,0.0017967607862945023,0.017810019270812952,0.021406359482830973
f1216a,211.1452547610752,1.390548324198046,29.06648545883153,0.002036569126661847,0.0012318335956640737,0.01553297519682933,0.012388118801876838
f735a,197.57557633900484,3.0997689813967466,21.11991429959356,0.004825804876217174,0.0029563081642436677,0.02469321947353312,0.020155895950249126
f1364a,206.30350095277961,2.60018419967848,23.426310408360045,0.005459138931738193,0.0031932624457624396,0.023405458439303632,0.019484301110653083
f1538a,215.09291302402298,1.3181029159675741,21.636798565236496,0.003924735003572315,0.0024746253570257213,0.024116366259348144,0.01741493589698348
f2206a,199.97852670196875,1.3168220507868575,19.406055203007192,0.0050980869139975685,0.0031595587237548853,0.033568359016346326,0.02678175829852765
f6i,221.4010370605283,2.109002078265089,22.399190624488778,0.0023223256808959044,0.0012800499632168929,0.01779733463918964,0.012752979979455048
f1725a,235.47209510697374,1.07849425973263,25.283238974586702,0.0021399301970515846,0.0012239441020699352,0.018878182360058424,0.016123044046617067
f685i,209.15127283642116,0.7595060839210825,28.42607806882028,0.0018919321658931257,0.0011168967954881927,0.013835885423976058,0.017715437659516102
f117i,201.354601453435,1.0320379889666675,28.772237006267865,0.002042508546142193,0.0012717347590866287,0.009986064410342934,0.011857396120582
f737a,213.75618686411096,1.8590232416304078,23.686029241710667,0.003959713768228141,0.0022746019957959594,0.03277969842089435,0.024622256962505275
f46i,159.9809034174264,0.8258036038894185,22.903469686083753,0.005322890499326648,0.0027287983761649565,0.023214841166365355,0.01772766073334226
f732a,230.53622701646304,1.6035923822669993,23.303441262476394,0.004865919135366921,0.002910146964878201,0.03836523130832394,0.026802062078742948
f2054a,204.60802500045347,1.858571902704575,25.123186703698543,0.004813413804071994,0.003013174757679666,0.0231869417298034,0.015966485374774304
f1533a,120.92585461052496,0.7690472802933368,24.538702908268572,0.0018456272463793567,0.0009834136444231605,0.027621196659575662,0.023268380811054118
f1505a,216.26326281914817,1.3325621494999096,21.744086440601794,0.004145842609531901,0.0024638490160475202,0.0309435348466366,0.021785562553850724
f2168i,203.6046273586165,1.1565782756682226,28.162424207539587,0.0019592277512592723,0.0011557839256760964,0.00903345250159522,0.009240201548324601
f2043a,198.20356489216545,1.1047836882073492,23.18582470548795,0.004642163713954621,0.002722124463285784,0.030655195674673178,0.023087158857660526
f1146a,202.93150151442345,1.6055401684484902,21.095544791465176,0.004771054278710763,0.0029067490198727156,0.035615538423890085,0.02527789461220083
f1110i,210.68636097643534,1.5737650516826542,26.385937823283424,0.00255123021631332,0.0014782225543109883,0.010900550186655011,0.014462160715257074
f738a,217.9617301945574,1.9942863487669416,26.61484186023445,0.0024226412691302364,0.0014100360724917209,0.021301305996809985,0.021302481297906305
f1513i,206.11584444152916,1.3800344891643472,19.189409417232156,0.006364417627595443,0.003658627545453548,0.02742592903845839,0.0310244973470699
f1734i,209.15851845105786,3.033237366548936,30.05024643734824,0.0029267705586611464,0.0018313948770475991,0.017272786746454005,0.017204736117913032
f37a,208.08740677209434,1.5744013365153358,25.66943310576756,0.0024191306391550473,0.0014999754451120212,0.020113617467965077,0.015653916374537558
f57i,249.338023648293,1.7040143668058862,24.13852041824123,0.003400109886814841,0.0020048408438192358,0.018194884493743377,0.015295943693598935
f2046i,221.87171102928247,2.6547798566669867,26.982723759440052,0.003381451119608461,0.0020963581206816326,0.011813970955739843,0.012261603039431601
f135a,171.91116640303724,1.5898381931222674,26.83545435894315,0.0034560522320608465,0.0019211240654862145,0.022262489423890138,0.016789841922043282
f990i,204.6313543398214,4.230281272917999,27.52938246329507,0.002527691844055482,0.0014441352158349905,0.009270038372197312,0.008482891533080563
f1695i,237.83676600976747,1.2027716942764346,27.613961457595416,0.0012440303630377823,0.0007332643905750968,0.011870193411564969,0.016976831686388513
f1151a,215.4601585518625,3.881295093770878,26.23637699663678,0.0023796648958528,0.0014299147534823254,0.0189585887712702,0.013971386658004488
f2167a,186.30354790172927,1.0244868504292148,23.58851141983686,0.004713353490898456,0.002635259238956595,0.03259963996032642,0.02265990181621774
f1365i,203.68341431277264,2.5266657873047578,25.28921088956723,0.004714718439921847,0.0027657024913872756,0.023048480347333367,0.02336099692848187
f133i,200.9509602785958,2.277314036286161,28.378360779598257,0.0021237104637324726,0.0011467014331214135,0.015271671247715854,0.01750579888292851
f1350a,183.11450035982602,1.0025351001144003,25.566396359298402,0.003591657882047826,0.0021445439494899533,0.02508942669328517,0.017133820717285853
f2036a,181.07190587195257,3.357415039478449,20.95767483710897,0.005103980294385037,0.002919234906111332,0.05297514406283913,0.03611339678278492
f21a,225.32254753129726,2.1143147894475693,20.6526235287842,0.005714009307275428,0.0033173026343130403,0.03630459829584297,0.03562843250964128
f1916i,220.45148677211276,1.695443147824446,24.83703641474978,0.002370756537831252,0.001411876755057563,0.01420843685939753,0.015555595348240286
f1855a,219.7574941783498,2.6338652705750296,24.64747233653788,0.004118332046918541,0.0024741794168539736,0.02144741166524379,0.01426540784868043
f1839i,202.7748468823919,0.9170237480988137,27.529676601734124,0.0020033392440666053,0.0013142418044428611,0.014542344213861517,0.016011542879408987
f736a,157.93165787876242,1.190405014381332,32.08640891996101,0.002663299817652588,0.0015417452880756063,0.010347600040233156,0.009216095301695228
f33i,182.8456165996236,1.8203270473369573,20.241693386694408,0.005760493395008548,0.003395399419305518,0.029762715547390368,0.046252610215093665
f1144a,155.15187961505868,40.0459379184329,20.51746120487236,0.0054162170010312455,0.0031194266101691234,0.03183311115844181,0.023606785376437144
f1534a,163.90821017354955,1.0505931562700108,24.956349621089643,0.002881752501183365,0.0016830253426036142,0.01869170873391956,0.016041276407904297
f1870i,222.9361221762596,1.4103550341571534,24.378296969636146,0.003369732130715838,0.0019845281334964666,0.01449080991947543,0.012571459657520781
f117a,202.1422651110136,1.3180414862459064,28.074974309891118,0.003251656314296866,0.0019864760152017258,0.012678118911462425,0.009676100949882919
f1137i,224.0053587952471,5.883784649356003,30.275335578252676,0.002188269441539729,0.0012077088933174153,0.01527490744705613,0.020591456745254682
f1843a,230.3711900387578,1.3463329568203153,26.441808544881756,0.0024981187191948527,0.0014180122625176326,0.0166803960981536,0.013260698990745078
f24a,255.97050287549064,2.604046623389914,25.171138021236967,0.003271198280182885,0.0019535529861839105,0.026443651220419848,0.020095279578834495
f746a,222.2986222786761,2.6130673752852647,29.777290653133985,0.0023460766786451543,0.0014804478001009859,0.012197848198718657,0.00901847910005263
f1168i,214.2656305878385,1.5871447812683133,23.758909148227623,0.0038412876794637284,0.00227895640536944,0.025463683558353142,0.02090403351878786
f133a,96.93703606148567,0.49577440195576106,23.81566615732307,0.0019148378029396104,0.0011709937501420168,0.020636328961167922,0.018491416393915
f1925i,231.91010596006726,0.9786058086083117,26.620376690955286,0.0015056346287849684,0.000932128896155502,0.00963441472590069,0.012796106964404304
f710i,228.8934231185615,2.571888250984731,35.528022405883945,0.0016279974424297894,0.0009995822218881976,0.013876256293660483,0.018481096463226335
f1147a,175.67449880962744,50.29464348895699,25.87917470643086,0.003297895824230757,0.001896040109713533,0.034081776256779744,0.02540749826467597
f1106a,203.60603296375373,3.2939591234687113,23.491227835888637,0.0031998687533502886,0.002059505428006537,0.03779002679664395,0.02811097660636983
f2210a,220.50253080363734,1.2315463289621085,26.047151210810384,0.0025466677974372185,0.0014862327564749613,0.01804719419944579,0.013010664599073988
f58a,212.7215374795287,1.3888691671868907,18.462939395924824,0.004456563947471089,0.002605604725404849,0.035478395506482664,0.0290190705739608
f1211i,253.46495898910695,1.0572473501056272,24.546863276108024,0.0031000729212860385,0.0016988869777212151,0.010102456017029903,0.008856786702626414
f1925a,226.93251986997933,1.1828988624906476,25.47405378628838,0.0022547644826730775,0.0013791661124827955,0.016870134612645873,0.014054591607595993
f3i,235.01162252989695,3.736495749892661,20.078033598909588,0.004365739717555142,0.0027318066523704765,0.019573563825790074,0.017631810245076356
f1361a,218.5420107060521,1.1176142071177197,27.704806290659118,0.0021204948298633062,0.001281831665942877,0.018316181954856448,0.014010407697621586
f2261i,162.67869223664115,53.59740332272971,25.966781127811196,0.006916620673843051,0.0034258185513635756,0.02289545033823102,0.01830379428457065
f700a,211.99624793677495,2.223868717679771,27.563262339465197,0.004552857974418182,0.002545997181716995,0.022983683391047574,0.018367825141602033
f1096a,186.98892735822818,1.9930959919485678,13.979496387708485,0.009195223375561397,0.005794966051710358,0.05723599072870724,0.041449104009038396
f2170a,196.4781049044738,1.1925152939535482,23.35597710151916,0.002379590536016396,0.001493644418135349,0.022171705607520333,0.015989494772495692
f115a,198.2664723310514,1.4277627306966272,23.442183953936407,0.00320544695110856,0.001719913474615407,0.020081622542936495,0.017672423591447935
f1873i,192.81354008749233,1.1798024740601427,21.825624935972776,0.006195493125660519,0.003167808306584391,0.039580019504321,0.04151814317284292
f1874a,169.55085529353167,1.0427127341635711,21.846766736319356,0.004004045236794593,0.0025756200059110115,0.028656430841293146,0.03414072334862983
f62a,209.42395509435445,1.8871424460995452,26.949217910944295,0.0034016494919099248,0.0017780731091043538,0.023105832549771017,0.01601013022270534
f1879a,191.1357692260979,1.1537704184584405,24.967383209930578,0.005408888658918005,0.0029640476993527403,0.02547628774881794,0.018861744565382005
f2a,198.3227482432561,1.1219351441965169,24.992812714820722,0.005462694726568845,0.003043235359475534,0.02575893752776906,0.016138473736962256
f1926a,162.67925122951064,1.708610392285323,21.075598480440814,0.0033203931032420855,0.0019713948241171894,0.04783632398605392,0.03505533005526971
f1209i,206.34752559841087,1.1935941822365481,26.678408858107755,0.0019532712825829687,0.0011601673268663254,0.01580994522999689,0.012913579886680945
f1514i,245.49769203741278,4.6160447660932,29.326997628176077,0.0019089096229951224,0.0009737290586954642,0.014264446099722274,0.017513253408563596
f2203a,201.5014506821857,3.367137155408479,26.452809553329672,0.0022022732130067488,0.0012758441450654186,0.022970661815094627,0.0183665044651762
f1357i,197.19499463367922,1.1479036090427153,23.057712095030016,0.003478655209305904,0.0021161681053219602,0.019797248022314796,0.01760345576069391
f1699a,201.42102451724736,2.2750047843862675,26.269576378579316,0.0038717688491321962,0.0022020468040065072,0.02154730366900743,0.014706329849228653
f2039a,228.0116651214355,3.3467263145656334,25.37903483898653,0.003367495209831321,0.0020418202078993438,0.022431845362100352,0.015772881109480066
f2167i,195.15049097433734,1.4996769259345837,27.930500656024837,0.003045135145598131,0.0019204097352421485,0.01563720747287936,0.01620063770576099
f1a,242.06857175628778,2.0653961936844336,23.8007252576105,0.0028429342802963977,0.001556790470193439,0.0337862082228392,0.021769621926383605
f2040i,211.5461441112334,1.2108885819523731,29.511710547407727,0.0017644149910736923,0.0010569869151308227,0.012798320466771332,0.01775662152595187
f10a,177.29558029698796,1.4182961570787525,21.59682402534432,0.0031761340264363476,0.0019814526414124556,0.03174363082599376,0.038603096263451646
f1513a,203.43488976597658,1.1809903204160004,18.109152257451388,0.004959299562285785,0.0029991046752296507,0.06134805565888942,0.042212433025846895
f711a,188.5654881086114,1.0394979213631625,25.48816032113088,0.0029322005391824316,0.0017059949389916314,0.018825939689887453,0.016627500551440376
f2037a,224.22049565292045,2.000724118411654,25.954648439983643,0.00232286322965762,0.0014491362008620915,0.01601547362694117,0.012435487345318186
f38a,169.92985331108073,0.5844235797421254,25.067861591717374,0.0024691241380133543,0.0015505097547403289,0.023263727093348043,0.023879543759456952
f1528i,171.5124809360419,1.8626667814337352,29.07975646420985,0.002186742365728888,0.0009741859045137444,0.014122665207559424,0.019845814623581693
f695i,218.4799465091708,2.155114915968124,26.244157827128053,0.0023024001100124115,0.0014444113386142116,0.009181422123015587,0.010393284077661451
f1371a,176.62653335862103,1.4740270253838663,24.481332421095832,0.002807253711644976,0.0016351477089833631,0.021205136942636354,0.01520083931466124
f2037i,235.38106344617717,1.1311382417356686,30.531985355549335,0.001582188955372827,0.0009626882149862632,0.010231996561942833,0.01078937249081867
f1840i,221.26230978838248,1.2179657891101983,30.044447451864237,0.0021055879856888304,0.0012481142520142415,0.015694973986335948,0.022039442637682843
f2462i,163.30069356532022,1.5318958652008543,32.32367197516857,0.0024807755293530264,0.0014601206321609031,0.010709959457056387,0.007501492048112849
f1368i,221.68301608504538,1.8040992383470649,27.212611743891536,0.006693141200820216,0.0031953283847079733,0.018839172235335048,0.0176045028365498
f2286a,195.4596784727225,2.107941555829655,23.416811776504005,0.0030560012617289133,0.0017152648408594914,0.02460787848056196,0.025533766015365375
f2259i,166.52608810207215,1.516678451188927,26.33105662230114,0.006216404477297957,0.003490928632320621,0.022825309176002333,0.02488367517391399
f1544i,205.2128771312854,1.6414648072696527,26.82503833956506,0.0032194761389267947,0.0019820607004135643,0.013679019521042153,0.01246509350604453
f1124i,191.9767263918003,1.238599927925426,26.25992775487479,0.002367070216147887,0.0014245803727078745,0.026977253966610628,0.03438296562777464
f689a,251.2420604516537,1.2259171592669356,25.976699898505654,0.0028078079420259215,0.0016206873907937038,0.028866394545682968,0.020781339356276775
f56i,194.2730316746198,1.5915523583878426,27.019527881072523,0.0015540775861093315,0.0008870610596497423,0.01106100043058629,0.013666877250160582
f733a,215.97856902636815,1.6142611100142614,24.518653369532085,0.002764476872137519,0.0016380395360289168,0.02115910431446573,0.018580374306029702
f678a,213.6998008540899,0.9334928917691155,21.270758094927626,0.0035356114021834976,0.002039445332135256,0.028112325739698532,0.022447906733879888
f1355i,200.36139197002004,0.9602207203119263,27.143745239270903,0.0032874126525351565,0.002018755476904203,0.030862627213239714,0.023413765823219617
f1147i,221.6034916100792,2.3182519134536475,30.239340526685258,0.0019655771440407984,0.0010198357148854008,0.018459753478510924,0.020183102103863624
f22a,231.77710149780066,0.8143173053658518,24.995435557952124,0.0033057737201630764,0.0020595590115994773,0.024019342339601152,0.02022875957310688
f14a,222.5861628299087,3.2152316124171474,24.729007639773712,0.0035517101355405046,0.002339804572995126,0.023880054876079797,0.016720530239234935
f1095a,188.70278258824462,50.19047325410844,25.99258528503271,0.004856171311981953,0.002037737968978516,0.025192532698717386,0.021321273851456973
f44a,214.74570559745675,1.5706314140105972,27.283572304344226,0.0022668867309355713,0.0013194666439331681,0.0165865555217257,0.013574803833542067
f1129a,202.65081343145076,1.006422524136017,17.77838409001689,0.005466569742629163,0.0033928833989741547,0.04213983301176275,0.03237773792858165
f691a,163.78256798699192,53.013906463349294,23.47648424076581,0.0047714438027907,0.0019117347591451966,0.02340008425751691,0.02124079356100402
f2038i,187.4722326100083,3.1998380700165177,25.633027874742346,0.0033716530202641073,0.0018476522023576538,0.02121125293724691,0.02041411906190122
f1883i,227.75928199559084,2.1132182203093475,31.45387026313206,0.0015956923350923151,0.0008956730804148424,0.008825396936160676,0.008236551833658535
f2052a,211.83943305921164,1.7842934362987846,27.03430428538578,0.002828545368649073,0.0016060429417320398,0.017558346377232047,0.020004460240446043
f1211a,243.96556343119366,1.173374120257098,23.97243212699749,0.007998852367414778,0.0039866210094567445,0.03495340746510219,0.02252248173860641
f123i,199.87584781783906,2.299009351784292,22.06670335805202,0.0037924513160444507,0.002272531698951821,0.023366300638066526,0.021379457240958008
f19a,222.84687966721523,1.711677666742401,25.821084586844577,0.003131563708177971,0.0017497399221141705,0.03978291959144693,0.023180967167427197
f944i,260.6564306319088,2.114381277133933,36.08196950258415,0.0011115495530021479,0.0005377443245912401,0.007599362066502842,0.00906954550551966
f23a,217.21675626070405,2.916817464338005,25.79397641882739,0.0026866326741689164,0.0016368296139652873,0.023389163163839377,0.019365633234336276
f2199a,205.90367108088336,1.9224044676282213,24.01141959604282,0.004671622354003343,0.002372882231169224,0.02245224027246981,0.015759066040381454
f1510a,182.04868810161034,2.7210013114536045,20.60771158941127,0.007990628123019011,0.003975285796660134,0.037228342542728055,0.02610418119078824
f2051a,222.7142801083161,1.4770072193914117,29.323951218647522,0.0021549546356103497,0.0012540805342659278,0.014423753295286534,0.009694907667838053
f2281a,201.81404239579322,0.8426637753944188,23.610985521996334,0.0039889237964418536,0.0023093920346637224,0.023030231600214265,0.019599777669001554
f1695a,236.18428834701123,1.3192786394648708,26.829070448845215,0.0030033036194909235,0.0018624323498375296,0.023959768663453944,0.01732639225296108
f2050i,204.9068772798265,2.3561817154817355,27.30860759054681,0.00205898274206271,0.0011542327182069007,0.027201222375696246,0.03612478093711525
f1151i,248.83984665807088,14.042464426661565,28.214472776721095,0.0014805444247390717,0.0006666309086883887,0.00844434678145167,0.00963284121169738
f2044a,216.07606515149226,4.941273557834354,22.68398662859755,0.003233005820033422,0.00184340043235282,0.030220143415433796,0.023900701189743495
f42i,223.81977099729767,1.4006964650881313,33.34646521072322,0.001538146564711299,0.00097600567116235,0.005719533545308881,0.006206400007239923
f13i,230.4747313656884,1.950420096394902,26.0079542744045,0.0024786599048092694,0.001356857193728281,0.019231514376365846,0.01713041931988449
f2162a,215.7979825495421,1.7963082254742522,24.77255456445535,0.004216665906846454,0.0023300755364905608,0.02728046226276823,0.018261530146944503
f1356i,214.71624570940713,1.5611158232795757,32.0194999056383,0.0016782397436207574,0.000951955693952013,0.011573764712053618,0.014882537158885689
f707a,195.75470799853517,2.484817489217694,27.127745438052195,0.004099388751089408,0.001839394098630617,0.014549800981105422,0.015007405955746187
f2040a,205.58337762934767,1.117490835490854,24.92319885170157,0.0026312356500522837,0.0017094261173607975,0.01962973569614892,0.020415785072873307
f1732a,200.94552532080056,1.5722439081352053,24.33499480577196,0.003501896470773411,0.0019581101519580268,0.022709915259047628,0.01767593532854238
f1839a,198.90790446687433,1.1262797770367152,29.5727028901403,0.001978375116959937,0.0011551919598857382,0.015736332684964452,0.012009252238830459
f1518i,242.6315278891988,1.1797400321252414,28.946992059197154,0.001911038591244845,0.0010655097200173713,0.013650140036809227,0.016967322543358747
f2039i,229.91756568859063,1.7417919019542574,23.946658733576502,0.0032866365931322446,0.001955630516292624,0.016784385385146986,0.013063735103671295
f1886a,241.43353769273173,6.367834489592337,21.346392577171382,0.0030830615988883224,0.0017994022717727773,0.041942253072355856,0.04666671077682378
f1066a,188.3574580462636,1.867924515200129,18.28245406542939,0.0050909017237843026,0.0028708475093124643,0.04300493574507678,0.03227062042633412
f2172i,185.51073662268385,1.671255073079942,30.83839783961173,0.0021118698037674182,0.0011127255166380333,0.012377875828262407,0.014049837535112655
f1135a,230.9583784069242,1.0306106071500443,29.961171073162095,0.0015443637330623049,0.0009067012062200473,0.008502017789441239,0.007657244643792782
f703i,237.11270537222114,7.183302908347802,24.868290707115207,0.002895913808318898,0.0016360897949807733,0.019216238041592445,0.02158046457921146
f2168a,189.47848443817412,3.046000683821219,26.857805685203125,0.0026531214848170264,0.001557434312824537,0.016598866347854402,0.013987026544122209
f123a,195.94761350195404,1.1597321447171567,23.834230861739996,0.0043668993792169595,0.002635299960140352,0.025127774107921188,0.02173370753330018
f1351a,211.4083674375553,1.4765732160157872,25.096807884659228,0.003176892383708986,0.00193165095469125,0.020682630333113152,0.01659566397097549
f1542a,242.7402397314392,1.7384057929528758,21.31721808147889,0.004200443483263608,0.0026383226731725652,0.03037434148937298,0.021640166320352816
f1846a,178.58497806582926,1.3912600058009552,25.971488551877407,0.0021201753614777,0.0013142999859777993,0.018317336718942805,0.01502186599737879
f1145a,190.64659318832673,1.0477070279824061,24.940136836940535,0.002724630504793161,0.001577463734573509,0.031726132273654,0.02737808061549827
f24i,257.9867096008869,2.9958480281573205,26.8706814933568,0.002956880144016632,0.0017384846332612364,0.0206919770675353,0.0182652572627646
f36a,227.4094001874836,1.5872936091459267,23.078171764711918,0.002763431164335328,0.001672504944316021,0.024675733732494643,0.017376592371970364
f56a,193.37331060582784,3.8652950844919562,27.934823118028763,0.0020295724680975554,0.0011200973957379698,0.018604064907374616,0.014769911873358483
f1535i,181.430821549947,1.487562283488125,24.46812148239082,0.0036267255084967568,0.002075755224299516,0.01339275965125867,0.016253344654444123
f1349i,230.61799312656296,6.986643601488652,29.850145153607333,0.0021868564511248203,0.0013309948111229432,0.014604492180823225,0.016217376195793318
f1696a,226.86181412541146,2.2802757997311387,24.54161996946783,0.005375839577159676,0.0029471851764464514,0.028481400999771703,0.01964977332769003
f2174a,196.8604624179735,2.398333270064254,25.23558859527145,0.005437264475929585,0.0028223743694681257,0.023120863158290327,0.015734863499692497
f1215i,201.64192765847355,0.9241344752812501,23.301160051164683,0.003578919120561883,0.002317210400882765,0.027909609767991703,0.026031149311261183
f699a,131.0745931989864,0.8227811790437395,18.448441136829633,0.0024314625728974228,0.0014238260951097523,0.03764388054235991,0.030686420005535165
f1848a,181.93162470241398,3.8472206751075375,21.368013463909772,0.00591275317710064,0.0031114073577268087,0.04231462426866637,0.04483017569461163
f1365a,189.85138661733075,2.623520440775123,24.740396419192603,0.005680366149241403,0.0027602245949824708,0.02464974107157668,0.02726735174072485
f1139i,192.14029271686653,1.200157883130779,31.66745995851256,0.0026861198102033404,0.00151598852846032,0.009739073527522716,0.009237302708532881
f1855i,231.14292898923978,1.4034748898141012,28.217729617974843,0.0031743128547533804,0.0018871465437905659,0.01687497413232934,0.01826504910486309
f2169a,177.99349729871085,1.6948096112214683,22.464488026276797,0.004171443823922023,0.0024509420185541615,0.0293335506608725,0.02383099470236879
f1623a,162.8195957105297,0.9649281379547967,21.24751683853593,0.004321746027428443,0.0026501223315749034,0.042252225188262146,0.02967186220290723
f686a,223.43361434340076,1.1874496417444549,19.647834041604156,0.006950389278696323,0.004593307098659155,0.045879553186922405,0.02840832922812329
f695a,209.36314049909404,2.0583054304397446,23.440082033950205,0.004858142745753568,0.0027797184349105963,0.035436983331371213,0.02434043524455842
f1363a,199.23223873205896,1.3374490022581695,24.494023347417436,0.0035710678232826333,0.0019716052032621285,0.036243668261529,0.024610478584522723
f1353i,193.31388295207154,0.9582625533470795,26.962121089332317,0.0028474540022726184,0.0016675474816458566,0.01256890047420375,0.014095347162955475
f1605a,151.54207356660007,1.2926414831047748,24.178728919473077,0.004017725752124318,0.0025338807601936785,0.0345224470382239,0.02543920339914846
f1209a,201.1221316820821,0.8059676950219948,22.680031568159883,0.002811912083008245,0.0017729868319107766,0.02092765961614999,0.017025270713827374
f1924i,239.32303406184485,7.503025864651247,30.665581295144733,0.0018486373947335794,0.000978684317477976,0.008458207439140247,0.009528105567535044
f687a,215.10486183630968,1.2650081210771087,23.63570772547565,0.0062472484254506066,0.003403999885692554,0.031574511554317515,0.02198422172628291
f33a,155.7129850317432,40.15644153526882,20.355155209764188,0.0045607271344360765,0.002381106575958309,0.060776875328600176,0.04174823275333073
f124i,196.46689655188666,0.8893410314996479,29.93214902487647,0.0021291025658640972,0.001246438361932085,0.010530119822088893,0.010359681096612292
f1727a,224.66475353680045,0.9507888960769595,22.68420968415567,0.003988222275363504,0.0024406115937348,0.033307038338590736,0.021775236927444326
f136i,222.59090602064754,1.562719160578433,23.282060062090316,0.003563907023889037,0.002113248231485943,0.015149717011168944,0.010774074864796871
f710a,200.19501037454182,1.2952797894386914,25.299132772364413,0.004141017639013245,0.002188833968514647,0.02688312625161309,0.02008772074165211
f42a,213.9805012864126,5.132058918695365,29.42560599984883,0.001774147471714413,0.000988913836006699,0.01269755242746259,0.00999982807157813
f1915i,206.9466947539115,1.5309854754856211,26.60626337110752,0.0035394787381869005,0.0021737915833863032,0.016584305942481694,0.01925150229270387
f696i,183.0068689550417,1.353567990170813,26.038383390076806,0.0028376235656849638,0.001515643685434932,0.026658254021486433,0.03475993564037008
f1732i,203.50963975538434,1.0932586379880513,26.740540742789072,0.0049312637447983705,0.0022668964377146345,0.022056258409674543,0.017141314876661057
f733i,223.18654612826688,1.3194751565610106,24.152980838290535,0.0035232679266386595,0.002158978371202853,0.01475295695010681,0.012815561497768871
f1699i,202.57223836266846,1.3733288666498107,29.4067062463756,0.0019182128481603478,0.0011628395908085168,0.014403868695163238,0.017279986664218507
f2043i,199.85730740641216,1.1723294541118097,21.405706040007342,0.006701558589519951,0.003737837968193886,0.03352686764518421,0.03885897896101131
f2175i,219.27119479915712,3.246452371465616,28.298188184764594,0.0026758825561052184,0.001555429001352437,0.01199194680950392,0.008978705332841803
f35a,184.62868049092728,1.5258483492344126,22.940422897346362,0.005517322053889673,0.002886875216601732,0.027589436747279504,0.02193520810592393
f54i,217.6013433881782,1.9096243442263012,23.358784742064522,0.007794387041151791,0.003637365934612883,0.03504024013122795,0.023867911540811377
f689i,263.13154986790056,1.8750324115069807,31.90084472229229,0.0014789418969301683,0.0008273696727900238,0.014636855715627744,0.018409036580130773
f55a,217.66291505357415,3.501090386171513,25.02649109813493,0.003162612557431722,0.001882382872849436,0.023555438145968638,0.018314708207245314
f2258a,170.4738739716373,1.434380692447901,20.30446288418187,0.0069647483170366484,0.004174993325588962,0.046767208823716905,0.04516421129794488
f2254i,180.93426795948403,1.1889243291783684,24.948138362229194,0.00300350231521024,0.0017593327521656845,0.022028715996003263,0.027335373235103946
f1725i,258.45167422417774,0.9536299917649194,29.39446308755636,0.0016285746065376932,0.0009922695610988844,0.011475719603499268,0.013466453187926674
f1920i,159.1498456791423,1.854297346631656,18.202048099606735,0.007097315726502253,0.0038811466881245524,0.03395792197503282,0.044855437289359264
f2051i,228.86474000457673,0.9351611822771573,28.412245075601383,0.0016270218915792592,0.0009679633921835756,0.012346058407532926,0.016005399870069773
f709i,217.90204966396598,1.3156659251063256,25.80880011290252,0.002132733469488049,0.0013204552158818117,0.008579783518434516,0.010294779785943113
f2198a,215.71705336794003,6.907915549847234,22.870976844924154,0.0037423711413907476,0.0019620740719859127,0.033075063986762784,0.024438432688579426
f1734a,199.1697842887295,4.858913417931374,22.50616340579338,0.0037100978502626653,0.0023053784479925995,0.01842559145038485,0.015840684360575095
f2170i,204.0337363375582,1.5712526342225548,30.155520025483426,0.0013629208963777048,0.0007752632553669799,0.009961340117256528,0.010499332166987245
f124a,194.3098594725186,0.9204520620538306,24.774247984944463,0.002854702515415083,0.0016946210066842344,0.0361839215357125,0.024767359366589813
f2206i,206.20402833203985,0.6159675249969014,28.147471445751496,0.002314554729545906,0.0014241986600349226,0.017483199297632042,0.013785895749579865
f1508i,232.56782124522275,2.2206233131965103,24.18039566867899,0.003363591667436189,0.001743543297266817,0.016076682797105793,0.01879431810048615
f1514a,223.3703582045315,6.878818079503027,21.444558572720577,0.006030911316123286,0.0029554513331849453,0.033923404364912764,0.024503751824248354
f1372i,201.24161426759076,1.736930515840948,24.94862119927151,0.0035695305586843284,0.0020908036811721838,0.02201444533728912,0.02694476797056706
f1852i,207.9203933962406,1.5409028825824582,31.830912128374873,0.00137143787808302,0.0007169036575246846,0.012606296039521512,0.01736517419850308
f39i,186.51975164056577,1.256242000016993,26.86699060530879,0.0019930785420006077,0.0012006507870357815,0.028585892814319544,0.03856792382510176
f44i,220.6521441423559,0.9002797186305479,28.9903469302321,0.0016962091588582566,0.001053110056158296,0.011709118822661128,0.012777819039050184
f2175a,210.79252296610161,6.994532634487956,30.520765483739783,0.0020757022707215897,0.0011955297207817245,0.010673279343523486,0.009343602750710236
f25a,152.73494353940433,1.201504163218239,23.339256342960475,0.004748575252159488,0.0027085711417274352,0.027206955704027688,0.019446177442659265
f1728i,219.4033185816086,1.5469233863890548,28.03986052448796,0.002233689523021388,0.0012948946475275288,0.015072587914723538,0.01744214429970424
f2049i,195.09611603550516,1.4602769163913056,28.715025094991255,0.0028891058182035504,0.00173364105741423,0.024683331890900113,0.03303917747884805
f1605i,155.77617150139196,1.1707863153728522,24.026708881474466,0.0029004029766722277,0.001768275465643304,0.02423464071465306,0.025549436893917973
f1926i,190.25304531944587,1.8145645783069313,20.02832109748529,0.00383524240420109,0.0024559982742020565,0.01452546980961037,0.01825216575966762
f683i,204.45126879743555,2.618809574276119,29.549198000689767,0.0027409530092178777,0.0015112899850238388,0.015303150240201532,0.018536720850897834
f21i,230.10634479753924,1.8461950721724607,21.641219569422244,0.006570519734399844,0.0041879128832502084,0.01996531195985977,0.020164765106324065
f2052i,226.81673941763796,1.888531964731493,28.487124047495364,0.001980849838392221,0.0011329233557389052,0.011011829209570568,0.014820614094828951
f1342i,213.07886712051103,1.9913852027960428,32.068859728400305,0.0036307159838030547,0.0015491255947418137,0.013366058605205998,0.018946285230835695
f19i,222.79458519422798,1.1961527154379084,19.544604109174745,0.0024345815024667352,0.0015680309451004911,0.018101423380548858,0.014888624053068164
f1612a,177.01638502751427,0.937164447641196,30.052469063299114,0.0020636060683834013,0.0011558936063463632,0.022984011766825,0.017052733169429398
f2255i,212.71346409350116,1.3808319476011206,30.29332002389465,0.0036554804555680217,0.0018525904943337353,0.019596866387213356,0.018579633195736654
f1528a,168.61046112002455,1.4399391679600526,29.786226407413455,0.0023388503361837483,0.0013120593836914664,0.011402914463552828,0.009918171193746762
f1122a,216.22351293004394,2.032912487603191,26.393939325427052,0.003230080230232753,0.0018884212499705691,0.021601924065351812,0.021193505592739147
f10i,178.5870279134969,1.2423864799298652,19.373476805488266,0.003623261230315782,0.0022352902068398127,0.059233103444276826,0.06621242060024471
f1579i,147.7786327622693,1.0286903599293935,24.14300047845817,0.0032547464977170913,0.001945166264713312,0.019970096567939397,0.02417961163060006
f1519a,205.08292634893587,1.5572366148040466,26.532394839116684,0.003053076270689123,0.0020078618979069455,0.01860086217032586,0.014018273812069767
f2462a,150.0862078820641,0.9932801796243698,24.92637899351916,0.004925409060987423,0.003169435820462205,0.029168184593812232,0.0215454564560655
f1529a,109.79378276499142,38.3667369702998,17.128736073116784,0.007440759369372439,0.004782587054497744,0.08104867540230282,0.054152839543590396
f36i,227.91074498855383,1.4166573276309844,25.487291456661946,0.002812211542007887,0.001688372480941454,0.012439593674339002,0.010885561240201501
f6a,221.6808610210811,1.2238347081084087,27.18841141514545,0.0032896722169239155,0.0020490885319690093,0.02191895037186044,0.017412872740198197
f2050a,182.73393894833762,1.715933475584966,23.119923691914313,0.004388351921585423,0.002586303680685959,0.025652481448907978,0.01996368718983862
f1180a,194.7646295363043,1.412943436286382,21.747207666261836,0.005567209841168252,0.0031232928649376885,0.024457826774802786,0.020445623296862572
f1883a,210.10160849361847,1.0726072599681902,28.2669411368578,0.0026521055724536583,0.0016393369058223279,0.02607930552647142,0.017762355106920164
f1879i,204.0508916915542,3.1181677439312314,23.76082412412335,0.006885215550253289,0.0031872764233643377,0.0372241378440746,0.028673205006492543
f1060i,200.14010947307338,1.0181222647205384,25.686823430957993,0.002424183767534366,0.0015921809973108705,0.03500863697060254,0.04778840970692239
f27i,232.13138822848876,2.280951745355959,19.98507389475331,0.0046391246540443565,0.0028288112939686473,0.024948897990821887,0.02476537391139144
f1124a,164.89180265666533,0.8792983820910586,22.938824735292975,0.003935982568311425,0.0022777434859942974,0.020159143027724768,0.021548519908797092
f49i,230.16430776793445,1.1990546608073867,22.919399482843144,0.0037718009419487096,0.0022695298710481257,0.011264435536125115,0.009070708035199736
f1370a,87.9596307463309,0.9089424485747818,16.8065974335069,0.006247109914410786,0.004000420508130047,0.06257483125271221,0.053004262007908295
f1509i,206.2599420090534,0.78985352053976,24.963525453896633,0.004585178272597647,0.002507496750013272,0.01928540410414335,0.017500307569845608
f2018a,212.87424540615658,2.377956999011884,25.338366042745406,0.006324227201969092,0.003332814190486841,0.018024180181228627,0.01423862977442429
f57a,251.05653207963567,1.461407417173519,25.364493589144388,0.005144344751533604,0.0028475355793352477,0.028492565706683064,0.01793189504806906
f2258i,200.80682605606577,1.5535116196551515,24.899675314883165,0.005696208170538073,0.0031739884866258264,0.021790930511447468,0.02593075314681426
f732i,232.32260977527517,1.6261089368367334,24.674576555070697,0.012497094861592275,0.005659384104092016,0.053928754847945876,0.036313646644503934
f677a,236.09964407138494,1.5049121925137903,27.511540586844994,0.003027118285144096,0.0019497484045515059,0.01726967843476916,0.014216861479209787
f2036i,186.90303296153974,0.963809858732553,24.62558365809477,0.0039010749823064107,0.0022956294515415433,0.022509824769230947,0.02778121513126537
f1373a,200.87696532169386,1.8625716849344869,18.010619411821448,0.00674992062174198,0.0044707045152261645,0.04512936127086534,0.034250857645004185
f2162i,215.47260837380534,1.0179845953077264,22.937213761204077,0.002733544195431269,0.0016930334757896777,0.027137585642917558,0.02581950056240447
f1177i,190.91339517190775,1.4469910283684564,26.049123445413844,0.012996701726820473,0.005690025868624791,0.016345441697331455,0.016407833783861302
f2i,201.60307816002157,1.1125378964764807,21.782640144742725,0.005007913462220026,0.003114161203140253,0.03022117965822192,0.0290183952002659
f691i,219.10723074469786,1.8182666559661378,29.801555094513162,0.0018768689892277649,0.0010938144755540202,0.008354508649513256,0.006755824046149795
f2044i,235.2426269190641,3.4087940473154608,19.236380072439406,0.003541396734024882,0.0019656648040846936,0.026514351467897202,0.031167886101913275
f125a,215.35371310783478,1.935089552324491,23.913304341553474,0.0034673520930667704,0.0020350026259298264,0.03139035857286869,0.024722334241882304
f1540i,207.7241464101813,1.2700005395855987,25.39313390124347,0.002673738107486612,0.0016588615700723881,0.0181592936244437,0.020648208525711646
f1838a,205.20192283681047,0.8454392642408627,24.42010974634175,0.003588813687376129,0.002167325172767461,0.020767226474093365,0.021942231229232053
f1529i,180.1263385620381,1.2226223093632527,22.699579817402366,0.006187626307696145,0.003275807692032741,0.02773480405532557,0.01742393231257553
f1947i,204.49782133682413,0.7853614659973066,24.37157286699896,0.0019151310517964008,0.0011369766375914953,0.015990922751158605,0.016804489389727926
f1343i,202.7994257066872,1.299358547123233,24.050458363333625,0.003730217795083268,0.0022784911322651412,0.02344486625814904,0.024952924531658083
f1362a,173.37147965884165,40.58056520051956,24.94414234287573,0.003017977451061647,0.0016560454608017517,0.021671357494368954,0.020361167360340795
f34i,201.466626410035,0.9082294075046224,25.724015127248684,0.002746323049069581,0.0017350084984082358,0.01103916201973488,0.011383956670182082
f676a,215.88299901830305,1.465269261414124,23.509715837563192,0.00244601598810949,0.0015422611300885724,0.03135306343933574,0.03565469173915927
f1884i,252.67394299436145,2.9390166770583144,29.030571976296017,0.0018553920772264871,0.0011327220864403487,0.011783108756166576,0.01514668072028257
f962i,200.1334912143089,1.4484022161612604,32.72433813451038,0.0017190511460787226,0.001034948348587242,0.013592154319893102,0.016060849038810093
f1535a,176.00469746626177,1.2344411619543618,21.266776347736066,0.002612716108802686,0.001597586722144676,0.01952726464215063,0.017852933850592143
f1536i,209.13825393461826,1.620674651957341,26.90120506305058,0.0013980425094326494,0.0008235082857093721,0.009600014945701542,0.011500180275189552
f136a,219.50305720110492,0.9809159563621253,26.698406127978483,0.00271193679170628,0.001661986628549432,0.01852837889907225,0.013422792540266055
f1731i,183.84171733549005,0.6223949564109172,24.754808988640573,0.005288747952717004,0.002860836372038527,0.014485967897698963,0.017419382732262536
f12i,194.6858000272799,2.150038224400118,24.330656954124205,0.003563455005716284,0.002243655960107352,0.02456231109640194,0.027539714012012717
f2259a,166.007067021221,1.711792377239072,24.2186598834992,0.005435093041888569,0.0035542098570101955,0.02654989230197932,0.021763870012448422
f1132i,218.49752525944587,1.1140772182772531,29.302890963991633,0.004760896829093245,0.002478283304636108,0.02763048237143482,0.025519602726091117
f1886i,250.22433156842075,4.60557442528691,29.22644077273986,0.0018073826533345281,0.0010742254012522916,0.012022520887144523,0.01497913635436838
f1506a,184.00656845642627,1.8864163410527603,26.06660197047646,0.003087286841862607,0.0017050379376560018,0.028834764071021972,0.02668265908048004
f2279a,210.7688164473503,1.7018309911829084,21.301478079381738,0.006540408132502563,0.003806657259600955,0.029318179920330013,0.023647455948708734
f50a,223.01865399788886,2.03287591943286,23.767729654492626,0.004414969605590008,0.0025596445828891747,0.023822411202064256,0.017730706875445715
f1856i,177.4323835622534,1.817196979380848,28.010224192887865,0.004081453799463763,0.002321466072073814,0.01372004842101742,0.01636035198766516
f1541a,187.32564520585882,0.8374460329094197,30.825861374676126,0.0023798702999415834,0.0013283909326297905,0.010565336193056905,0.01043711732547974
f2018i,219.25318798706004,2.104010660590384,25.379537036289587,0.0024198065827391755,0.0015468337419709717,0.020873324227475874,0.018763117556192213
f697i,206.98696640852083,1.0994810029359745,25.581494917043017,0.0021212578600823167,0.0013741781780274777,0.010729555830559363,0.01131034256747815
f1880i,147.53440708761883,3.0566761000891436,27.230650965967875,0.00354279320216459,0.002004933142546272,0.023783389323453842,0.029657502578028686
f2196i,232.18152559318298,1.5345176916243837,30.801544363035458,0.001383871983425125,0.0008236672202744734,0.008242085923491122,0.008337474289057123
f1098a,196.61736459685451,3.795089060423602,20.127944104531878,0.003584709379863319,0.0022147679533388374,0.020668271706365083,0.019934268975774615
f1850a,242.77551915522864,7.162212582390581,18.60809226347489,0.005502469413641725,0.0031903269832039595,0.04887861014669863,0.05280866654999084
f1707i,207.97878269012534,0.8775684683267917,25.56296445149329,0.003000194618961057,0.0019317206917551445,0.011636016035439472,0.010740076595285286
f18i,228.14756739591195,3.428756039277322,17.125194914911106,0.003304020377054577,0.0021654840543223453,0.06261048774510075,0.05249182698400445
f746i,225.6953386867307,2.03397745996553,30.49699207985077,0.0011692341817166948,0.0006643693667002301,0.008106571589225573,0.009019442104004259
f700i,200.4799568162289,42.020076823858396,30.674319767387757,0.004057213841390099,0.0019144493401707958,0.016354559291434378,0.020785187742765443
f747i,234.03006164312072,1.5256931018993305,30.28017427254901,0.0019188048298703572,0.0011320767717067498,0.008521129790183605,0.009663836843446837
f1538i,219.10536325784207,1.8835659868675843,27.34049440468512,0.0018177084186657806,0.0010272324571633914,0.014915592509275271,0.016102532741334233
f2042i,242.21941416516682,1.1563308695098227,25.549325269018585,0.0029620190360802184,0.0018518326044796346,0.022891058960252068,0.02447341672902132
f1541i,191.46988375728063,0.816183234273488,35.14912937174005,0.0011071406487218266,0.0006235760173754695,0.010522994165341595,0.012478182700320691
f2172a,172.15809440669437,1.0468481010070239,28.582292210098583,0.00247991977795296,0.0014619239687121428,0.02159253140246706,0.01615755451684125
f1146i,213.8821542944715,3.1073333866771398,21.647621468894744,0.005241435362092977,0.0031693972818256943,0.03769416906672606,0.03948837130416821
f1584a,236.2427711562809,2.169339160506731,25.66474565965258,0.002483740779930167,0.0014766438111319452,0.02369516465413723,0.01826355394095166
f1737a,203.0545555850623,1.8237446818660328,25.49968591728999,0.003041133390574958,0.0017066093270160653,0.02159968670092727,0.01551705052280567
f1127i,265.6332297116615,1.202971890533163,31.756432621662533,0.0010628920368386265,0.0006116971679556402,0.0067312383420621,0.008186606649154889
f22i,232.07832955192865,1.1506038896118238,23.751130515443734,0.002845440287682076,0.0017430473327407722,0.027746372551110024,0.02675878095978631
f1858i,261.75849989092904,1.4082787299195376,28.79960170091958,0.0015041569366786552,0.0009479514296109631,0.009249873283687036,0.0070829468333634665
f52a,186.8416710288654,1.6310201543287357,24.691559523653787,0.0025186796720868894,0.001412377016646992,0.022829128446016624,0.01823660713641637
f1343a,191.16840115710218,2.4694969270969906,21.346210240451633,0.007528745396683211,0.003993247267612231,0.04262231570460809,0.02870184233185235
f37i,212.3714497422328,0.8260878068265967,22.15627148362775,0.002366493283958267,0.0015240030242919362,0.02096156070851948,0.023094420140518292
f1356a,212.4491982583437,1.7446722542776796,24.381233607686422,0.0027987052541131614,0.001787341409291625,0.018416943476836575,0.01644075542652122
f1726a,189.136260713768,2.202347512355457,21.333619817333712,0.004572999808841606,0.0027202369028691124,0.029231745136461068,0.026966628897702384
f1099a,201.43817288789654,2.4574132990914728,27.07071110855996,0.0028059410541098405,0.001464432437021007,0.01676649942585298,0.014128608798164678
f676i,220.5831809473245,1.086544841151112,26.12759019325229,0.003799727973968663,0.002309370074872495,0.033350964621857083,0.0451332890890964
f12a,194.8555612207484,1.874873057588143,21.077687736514076,0.003078491201920182,0.0019277295743396978,0.0321582508328656,0.031203580770505876
f1208a,189.88920794478122,1.3756675624363999,23.209661284949526,0.004690037794210819,0.0027009274553295615,0.02430671311373996,0.01990818890132343
f58i,106.81060401343092,0.5419165345882295,18.485742319404288,0.0021839529209944732,0.0015336835167053318,0.04288096824175481,0.05243181654616373
f697a,192.10229783406444,0.7310468851125915,23.226636945564195,0.0029908355388215528,0.0018637622232083213,0.029820873985284733,0.020522459554478872
f1519i,206.86967668894647,1.1305757828366108,31.02680489781463,0.0017916969577453637,0.001092979367109685,0.008655146873397473,0.009508145482259872
f2261a,157.97670846369465,51.47286610126665,24.034687263744953,0.006302244331927665,0.0030278913480938675,0.02372441691161465,0.017706040254652562
f1884a,242.83400628654474,2.20956949913905,22.353266889257384,0.0035593770206168275,0.0022325816735792314,0.027670223115791513,0.024902989033667493
f1870a,218.1202811535981,2.08121165839382,24.070606654964745,0.0030661342123671415,0.0019802261068663334,0.021468072250613274,0.015227873396735123
f1172a,216.25568353870153,1.5949249460933734,19.78100323053034,0.005566556544956978,0.0032620587087744263,0.05057694534532446,0.05467189634869637
f1135i,235.45405654623985,1.231553089843488,31.170731853903906,0.0015188925466664421,0.0009203619802688181,0.00849123961851595,0.009729798551731809
f1127a,261.99517008469286,1.2593199211936321,29.144500951036655,0.002306834008180625,0.0013150227831605211,0.023582080160829848,0.017200273849444232
f1342a,209.3970839480763,3.4606765719164527,26.053369947034945,0.005525910156599571,0.002766970590345836,0.02885171761417076,0.024401950252000818
f1i,243.52385365664128,2.5091486115135124,27.22843310170072,0.0020931387538116867,0.0011313173605530136,0.007424217065984777,0.006673887405101213
f1130i,220.19149671137524,2.2643373001458222,23.83251962999792,0.012496332411072888,0.006271070742851399,0.04217920433597771,0.03418673752948862
f1059a,212.36610837525077,1.2487747504188005,23.097260892850972,0.0050986439672650475,0.0030047269502193118,0.0257251807707892,0.017084562127326394
f707i,198.1770814503517,1.1174177047898812,25.868042231502837,0.0025692433077416114,0.0014178967908502122,0.017691600859123205,0.023632997908828043
f1212a,184.63883479008953,1.6830547936097815,22.216217390647614,0.005953130340951423,0.0029528564392544017,0.044528419046264915,0.0319012450689913
f1347i,210.49310226817892,0.7424604014490551,26.47298084829741,0.002328214999032498,0.001439598062278649,0.013517868341858143,0.01619122485013122
f2164a,216.18587751464167,7.935328015922535,25.081398762620573,0.0033497553807389164,0.0018126654964288377,0.021850470421146802,0.01700894893221223
f121a,215.07052511230398,2.2229221668637167,22.65621631010258,0.006047494498162922,0.003282820051845151,0.05383860117278431,0.033889564798013555
f1123i,190.14363811244993,1.2084829608168457,25.17209560635189,0.0017721801610453753,0.001085251850352912,0.031733856693390704,0.04927125557387696
f735i,220.4293108258901,1.8505514137577483,27.941302849970636,0.0029653538161099912,0.001733139379715091,0.017629381350511106,0.01676349867045355
f1516a,191.8052510349691,1.9663259412969625,25.04124811295859,0.0026630108007841924,0.001450094442525298,0.0211925880726848,0.017850001749040615
f1729a,213.4341197510473,2.055787740578942,27.910234328976944,0.0025411595179986937,0.001484082413679058,0.016288830945061363,0.012166723908879806
f1216i,215.87428234471892,1.091731342233875,32.20874248520402,0.0013452133779523108,0.000807777172204734,0.007254803190334151,0.009069803699137655
f2198i,232.40148880757928,7.027922173293165,21.294214412167516,0.0039048513705601095,0.0022571981438462567,0.03599245045500928,0.02453555105934752
f1095i,233.896157682355,1.469336170578967,30.548352058511682,0.0020452105376798776,0.0012624360172396832,0.008506106873319865,0.010122478532272735
f703a,215.6244950798962,1.7561034260556014,21.813381564241848,0.004267001340539309,0.0026866742596407963,0.026456197826332396,0.02104839352103995
f1728a,222.03636033117675,1.5849439394422866,24.092199852268738,0.0033821040406743557,0.001905429191283575,0.03237908154242667,0.022660025082214128
f2053i,251.65864941868435,15.281241311514764,27.644055110138634,0.0019960392047055145,0.0010463564213451478,0.010151122227185151,0.012716478812127646
f1357a,195.10862447754315,1.299959053774354,23.240281159104953,0.0026902491251473014,0.0016447969560239406,0.023586357611464052,0.018365976687532943
